LOCATION,TIME,Value_disposable_income,Value_adult_education,Value_alcohol_consumption,Value_air_pollution,Value_overweight_population,Value_avg_annual_hours,Happiness Rank,HDI Rank (2017),income_inequality,unemployment,HDI_value,Region,Happiness Score,Economy (GDP per Capita),Family,Health (Life Expectancy),Freedom,Trust (Government Corruption),Generosity,Dystopia Residual
Australia,2015,37740.1750789875,42.888756,9.7,27.356720000000003,64.03333333333333,1683.55,10.0,,8.0,6.1,0.936,Australia and New Zealand,7.284,1.33358,1.30923,0.93156,0.6512399999999999,0.35636999999999996,0.43562,2.26646
Australia,2016,38658.8480642729,43.7439,9.4,26.00392,64.5,1673.4,9.0,,8.3,5.7,0.938,Australia and New Zealand,7.313,1.4444299999999999,1.10476,0.8512,0.5683699999999999,0.32331,0.47407,2.5465
Australia,2017,39928.8170965881,45.355675,9.55,25.97999,,1674.9,10.0,3.0,8.0,5.7,0.939,Australia and New Zealand,7.28399991989136,1.4844149351120002,1.5100419521331798,0.84388679265976,0.601607382297516,0.301183730363846,0.47769924998283403,2.06521081924438
Austria,2015,34429.7982747663,30.550726,11.6,93.02611,53.9,1500.0,13.0,,8.5,5.7,0.903,Western Europe,7.2,1.33723,1.29704,0.8904200000000001,0.62433,0.18675999999999998,0.33088,2.5332
Austria,2016,35653.3156254511,31.383963,11.8,87.03744,54.29999999999999,1512.0,12.0,,7.4,6.0,0.906,Western Europe,7.119,1.45038,1.0838299999999998,0.80565,0.54355,0.21348000000000003,0.32865,2.6934299999999998
Austria,2017,36166.190395300895,32.39439,11.7,87.03754,,1511.0,13.0,20.0,7.8,5.5,0.908,Western Europe,7.00600004196167,1.4870972633361799,1.4599449634552,0.8153284192085269,0.567766189575195,0.22106036543846105,0.316472321748734,2.1385064125061004
Belgium,2015,32180.143590169,36.857422,10.4,96.32111,59.20000000000001,1545.0,19.0,,8.3,8.5,0.913,Western Europe,6.937,1.30782,1.28566,0.8966700000000001,0.5845,0.2254,0.2225,2.4148400000000003
Belgium,2016,32965.9013274147,37.503956,10.4,93.32899,59.5,1545.0,18.0,,8.8,7.8,0.915,Western Europe,6.928999999999999,1.42539,1.05249,0.8195899999999999,0.51354,0.26248,0.2424,2.61355
Belgium,2017,33946.477040579,40.257053000000006,10.4,93.53039,,1545.0,17.0,17.0,8.7,7.4,0.916,Western Europe,6.89099979400635,1.4637807607650801,1.4623126983642598,0.8180918693542479,0.5397707223892211,0.251343131065369,0.23150333762168898,2.12421035766602
Canada,2015,31845.9328136125,55.17366,8.0,0.94055,63.666666666666664,1712.0,5.0,,8.7,6.9,0.92,North America,7.4270000000000005,1.32629,1.32261,0.9056299999999999,0.63297,0.32957,0.45811,2.4517599999999997
Canada,2016,31890.3776644425,56.26506800000001,8.1,0.0,64.13333333333334,1706.0,6.0,,7.9,7.0,0.922,North America,7.404,1.44015,1.0961,0.8276,0.5737,0.31329,0.44833999999999996,2.70485
Canada,2017,32916.7928002868,56.71451999999999,8.1,0.0,,1695.0,7.0,12.0,7.7,6.4,0.926,North America,7.31599998474121,1.47920441627502,1.48134899139404,0.83455765247345,0.611100912094116,0.287371516227722,0.435539722442627,2.18726444244385
Switzerland,2015,38727.3994292735,39.782719,9.5,74.61733000000001,53.900000000000006,1589.5,1.0,,8.4,4.8,0.942,Western Europe,7.587000000000001,1.3965100000000001,1.34951,0.9414299999999999,0.66557,0.41978000000000004,0.29678000000000004,2.5173799999999997
Switzerland,2016,39397.2785114769,41.235473999999996,9.3,54.0838,54.26666666666667,1589.7,2.0,,7.5,4.9,0.943,Western Europe,7.5089999999999995,1.5273299999999999,1.14524,0.86303,0.58557,0.41203,0.28083,2.69463
Chile,2015,16110.311395196999,22.475199,7.9,97.71318000000001,62.56666666666666,1988.0,27.0,,17.1,6.5,0.84,Latin America and Caribbean,6.67,1.10715,1.12447,0.85857,0.44132,0.12869,0.33363000000000004,2.67585
Chile,2016,16573.157430086398,23.821689,7.9,97.19968,63.06666666666666,1974.0,24.0,,15.7,6.7,0.842,Latin America and Caribbean,6.705,1.2167,0.9058700000000001,0.8188300000000001,0.37789,0.11450999999999999,0.31595,2.95505
Chile,2017,17094.8824369482,25.168179000000002,7.9,97.2919,,1954.0,20.0,44.0,14.9,7.0,0.843,Latin America and Caribbean,6.65199995040894,1.25278460979462,1.28402495384216,0.8194797039031979,0.376895278692245,0.0822879821062088,0.3266624212265011,2.5095858573913596
Czech Republic,2015,22030.792896590297,22.186741,11.5,99.91615,61.9,1756.0,31.0,,8.357142857142858,7.6380952380952385,,Central and Eastern Europe,6.505,1.17898,1.20643,0.84483,0.46363999999999994,0.02652,0.10686,2.67782
Czech Republic,2016,23063.0456300821,22.971544,11.7,99.89145,62.26666666666667,1779.0,27.0,,8.357142857142858,7.6380952380952385,,Central and Eastern Europe,6.596,1.30915,1.00793,0.76376,0.41418,0.03986,0.09929,2.96211
Czech Republic,2017,24440.628285065297,23.927534,11.6,99.89145,,1784.0,23.0,,8.357142857142858,7.6380952380952385,,Central and Eastern Europe,6.60900020599365,1.35268235206604,1.4338852167129499,0.754444003105164,0.49094617366790794,0.0368729270994663,0.0881067588925362,2.45186185836792
Germany,2015,35975.4650153942,27.638234999999998,12.0,96.50202,56.333333333333336,1369.8,26.0,,7.0,4.6,0.933,Western Europe,6.75,1.32792,1.2993700000000001,0.89186,0.6147699999999999,0.21843,0.28214,2.1156900000000003
Germany,2016,37477.3999727998,28.291722999999998,10.9,90.29268,56.73333333333333,1362.8,16.0,,8.3,4.1,0.934,Western Europe,6.994,1.44787,1.09774,0.81487,0.53466,0.28551,0.30451999999999996,2.5093099999999997
Germany,2017,38995.5362009494,28.583370000000002,11.45,90.30646999999999,,1360.4,16.0,5.0,7.8,3.7,0.936,Western Europe,6.9510002136230495,1.48792338371277,1.47252035140991,0.798950731754303,0.562511384487152,0.276731938123703,0.33626917004585305,2.01576995849609
Denmark,2015,30514.9218073025,37.095581,9.3,76.71206,55.06666666666666,1407.0,3.0,,7.0,6.2,0.926,Western Europe,7.527,1.32548,1.36058,0.87464,0.6493800000000001,0.48357,0.34139,2.4920400000000003
Denmark,2016,31561.2724921316,38.169136,9.4,62.81405,55.43333333333334,1412.0,1.0,,7.7,6.2,0.928,Western Europe,7.526,1.4417799999999998,1.16374,0.79504,0.5794100000000001,0.44453000000000004,0.36171,2.73939
Denmark,2017,33188.4183784744,39.232346,9.1,62.66125,,1405.0,2.0,11.0,7.4,5.9,0.929,Western Europe,7.52199983596802,1.48238301277161,1.55112159252167,0.7925655245780941,0.626006722450256,0.40077006816863997,0.3552804887294771,2.31370735168457
Spain,2015,24791.2329372706,35.081161,8.3,60.46666999999999,61.199999999999996,1699.6,36.0,,10.1,22.1,0.885,Western Europe,6.329,1.23011,1.31379,0.95562,0.45951000000000003,0.06398,0.18227000000000002,2.12367
Spain,2016,25463.2603355442,35.693489,8.6,46.04878,61.53333333333333,1701.5,37.0,,15.2,19.6,0.889,Western Europe,6.361000000000001,1.34253,1.12945,0.8789600000000001,0.37545,0.06137000000000001,0.17665,2.39663
Spain,2017,26108.8291483969,36.351273,8.45,46.36139,,1690.2,34.0,26.0,14.9,17.4,0.891,Western Europe,6.40299987792969,1.38439786434174,1.53209090232849,0.888960599899292,0.408781230449677,0.0709140971302986,0.190133571624756,1.92775774002075
Estonia,2015,19541.6016503461,38.030696999999996,10.6,0.0,55.400000000000006,1788.0,73.0,,8.6,6.2,0.866,Central and Eastern Europe,5.428999999999999,1.15174,1.22791,0.77361,0.44888,0.15184,0.0868,1.58782
Estonia,2016,20650.5438849224,38.756851,10.2,0.0,55.76666666666667,1791.0,72.0,,9.4,6.8,0.868,Central and Eastern Europe,5.517,1.2796399999999999,1.0516299999999998,0.68098,0.41511000000000003,0.18519000000000002,0.08423,1.81985
Estonia,2017,21779.6304280704,39.663879,10.3,0.0,,1792.0,66.0,30.0,8.5,6.8,0.871,Central and Eastern Europe,5.61100006103516,1.3208793401718102,1.47667109966278,0.695168316364288,0.479131430387497,0.18324892222881303,0.0988908112049103,1.35750865936279
Finland,2015,31218.067816015497,42.742619,8.5,0.0,57.5,1563.0,6.0,,5.7,9.4,0.915,Western Europe,7.406000000000001,1.29025,1.31826,0.8891100000000001,0.64169,0.41372,0.23351,2.61955
Finland,2016,31918.0334331943,43.595264,8.4,0.0,57.833333333333336,1560.0,5.0,,8.4,8.8,0.918,Western Europe,7.412999999999999,1.40598,1.1346399999999999,0.81091,0.57104,0.41003999999999996,0.25492,2.82596
Finland,2017,32990.4205693428,44.304253,8.4,0.0,,1556.0,5.0,15.0,5.5,8.7,0.92,Western Europe,7.468999862670901,1.44357192516327,1.5402467250824,0.80915766954422,0.6179508566856379,0.38261154294014,0.24548277258873,2.4301815032958998
France,2015,31918.287796486,34.085361,11.9,90.99463,59.1,1519.0,29.0,,9.3,10.4,0.898,Western Europe,6.575,1.27778,1.2603799999999998,0.9457899999999999,0.55011,0.20646,0.12332,2.21126
France,2016,32973.6972123202,34.582485,11.7,79.84902,59.53333333333334,1526.0,32.0,,12.1,10.1,0.899,Western Europe,6.478,1.39488,1.00508,0.83795,0.46562,0.17808,0.1216,2.4744
France,2017,33940.209511925495,35.213791,11.7,79.83072,,1522.0,31.0,24.0,10.1,9.7,0.901,Western Europe,6.44199991226196,1.43092346191406,1.38777685165405,0.8444658517837521,0.470222115516663,0.172502428293228,0.129762306809425,2.00595474243164
United Kingdom,2015,31220.010065924398,44.197987,9.5,70.81432,63.23333333333333,1531.0,21.0,,7.8,5.3,0.918,Western Europe,6.867000000000001,1.26637,1.28548,0.90943,0.59625,0.32066999999999996,0.51912,1.9699400000000002
United Kingdom,2016,31551.797315207597,45.766762,9.5,65.57184000000001,63.73333333333333,1545.0,23.0,,10.3,4.8,0.92,Western Europe,6.725,1.40283,1.0867200000000001,0.80991,0.50036,0.27399,0.50156,2.1499900000000003
United Kingdom,2017,32039.3195865106,45.744305,9.7,65.00192,,1543.0,19.0,14.0,9.1,4.3,0.922,Western Europe,6.71400022506714,1.44163393974304,1.4964600801467902,0.805335938930511,0.508190035820007,0.265428066253662,0.492774158716202,1.7041435241699199
Greece,2015,19350.6556700358,29.057495,6.6,99.57455,61.833333333333336,1943.0,102.0,,12.1,24.9,0.866,Western Europe,4.857,1.15406,0.9293299999999999,0.88213,0.07699,0.013969999999999998,0.0,1.8010099999999998
Greece,2016,19436.3421664589,30.231607,6.5,99.56600999999999,62.23333333333333,1942.0,99.0,,12.9,23.5,0.868,Western Europe,5.033,1.24886,0.75473,0.80029,0.05822000000000001,0.04127,0.0,2.12944
Greece,2017,19918.6787697597,31.027514,6.55,99.57245,,1956.0,87.0,31.0,13.1,21.4,0.87,Western Europe,5.2270002365112305,1.28948748111725,1.23941457271576,0.8101989030838009,0.0957312509417534,0.043289776891470004,0.0,1.74922156333923
Hungary,2015,17789.928878682298,24.242552,10.8,100.0,61.166666666666664,1748.7,104.0,,7.6,6.8,0.834,Central and Eastern Europe,4.8,1.12094,1.20215,0.75905,0.32111999999999996,0.02758,0.128,1.24074
Hungary,2016,18462.369550968702,23.713329,11.1,100.0,61.666666666666664,1760.0,91.0,,7.7,5.1,0.835,Central and Eastern Europe,5.145,1.24142,0.9316399999999999,0.67608,0.1977,0.044719999999999996,0.099,1.9547299999999999
Hungary,2017,19218.6011536648,24.054041,10.95,100.0,,1741.3,75.0,45.0,7.7,4.3,0.838,Central and Eastern Europe,5.32399988174438,1.2860119342803997,1.34313309192657,0.6877634525299069,0.17586351931095098,0.0366369374096394,0.0784016624093056,1.7164592742919902
Ireland,2015,25677.0443078885,42.806118,10.7,5.1985,60.06666666666666,1741.0,18.0,,7.7,9.4,0.929,Western Europe,6.94,1.33596,1.36948,0.89533,0.6177699999999999,0.28703,0.45901000000000003,1.9757
Ireland,2016,26708.8582366196,44.232544000000004,11.2,2.31018,60.63333333333333,1739.0,19.0,,8.6,7.9,0.934,Western Europe,6.907,1.4834100000000001,1.16157,0.81455,0.54008,0.29754,0.44963000000000003,2.15988
Ireland,2017,27959.9711909048,45.658970000000004,11.0,2.31018,,1738.0,15.0,4.0,8.6,6.4,0.938,Western Europe,6.9770002365112305,1.5357066392898602,1.5582311153411899,0.8097826242446899,0.5731103420257571,0.29838815331459007,0.42785832285881,1.77386903762817
Italy,2015,27538.742632237,17.546457,7.1,96.58121,58.03333333333334,1718.0,50.0,,11.2,11.9,0.876,Western Europe,5.9479999999999995,1.25114,1.19777,0.9544600000000001,0.26236,0.02901,0.22823000000000002,2.0251799999999998
Italy,2016,28777.572151549,17.723593,7.6,94.48103,58.43333333333334,1721.7,50.0,,12.3,11.7,0.878,Western Europe,5.977,1.35495,1.04167,0.8510200000000001,0.18827,0.02556,0.16684000000000002,2.34918
Italy,2017,29737.3670842211,18.669672,7.35,94.66711,,1719.0,48.0,28.0,11.9,11.3,0.88,Western Europe,5.96400022506714,1.3950666189193701,1.44492328166962,0.8531443476676941,0.256450712680817,0.0280280914157629,0.17278964817523998,1.81331205368042
Japan,2015,30608.3256878835,49.541573,7.2,89.02003,26.766666666666666,1719.0,46.0,,12.2,3.3,0.905,Eastern Asia,5.987,1.27074,1.25712,0.99111,0.49615,0.1806,0.10705,1.68435
Japan,2016,30775.2430677023,50.496956,7.2,79.35322,27.166666666666668,1714.0,53.0,,12.1,3.1,0.907,Eastern Asia,5.921,1.3800700000000001,1.06054,0.91491,0.46761,0.18985,0.10224,1.8058400000000001
Japan,2017,31002.6756243821,51.440529,7.2,80.62767,,1709.0,51.0,19.0,3.6,2.8,0.909,Eastern Asia,5.92000007629395,1.41691517829895,1.43633782863617,0.9134758710861209,0.505625545978546,0.163760736584663,0.12057276815175999,1.36322355270386
Lithuania,2015,21304.6343540438,38.724106,14.0,99.48626,59.23333333333333,1622.0,56.0,,10.2,9.1,0.852,Central and Eastern Europe,5.832999999999999,1.14723,1.25745,0.73128,0.21341999999999997,0.01031,0.026410000000000003,2.4464900000000003
Lithuania,2016,22613.8373668053,39.732628000000005,13.2,97.85616999999999,59.56666666666666,1644.0,60.0,,10.3,7.9,0.855,Central and Eastern Europe,5.813,1.2692,1.0641100000000001,0.64674,0.18929,0.0182,0.02025,2.60525
Lithuania,2017,23947.8178734996,40.273941,12.3,96.63022,,1608.0,52.0,35.0,11.3,7.1,0.858,Central and Eastern Europe,5.90199995040894,1.3145823478698702,1.47351610660553,0.62894994020462,0.234231784939766,0.0118656428530812,0.010164656676352,2.22844052314758
Luxembourg,2015,42471.005350881096,39.794865,11.9,82.67014,58.29999999999999,1514.0,17.0,,7.8,6.7,0.899,Western Europe,6.946000000000001,1.5639100000000001,1.21963,0.91894,0.61583,0.37798000000000004,0.28034000000000003,1.9696099999999999
Luxembourg,2016,42214.616673360804,42.856003,11.3,73.00153,58.70000000000001,1513.0,20.0,,9.7,6.3,0.904,Western Europe,6.871,1.6975200000000001,1.03999,0.8454200000000001,0.5487,0.35329,0.27571,2.11055
Luxembourg,2017,44446.3725963688,40.325737,11.600000000000001,73.00153,,1507.0,18.0,21.0,10.1,5.7,0.904,Western Europe,6.86299991607666,1.74194359779358,1.45758366584778,0.845089495182037,0.59662789106369,0.31883442401886,0.283180981874466,1.61951208114624
Latvia,2015,16877.3400799038,31.591949,10.8,92.75871,57.5,1708.0,89.0,,10.3,9.9,0.841,Central and Eastern Europe,5.098,1.11312,1.09562,0.72437,0.29671,0.06332,0.18225999999999998,1.62215
Latvia,2016,17912.8184070489,33.361481,11.2,90.66901999999999,57.86666666666667,1709.0,68.0,,10.1,9.6,0.844,Central and Eastern Europe,5.56,1.2178799999999999,0.95025,0.63952,0.27996,0.0889,0.17445,2.20859
Latvia,2017,18971.307776804,33.882294,11.0,89.26035999999999,,1695.0,54.0,41.0,10.1,9.1,0.847,Central and Eastern Europe,5.849999904632571,1.26074862480164,1.40471494197845,0.638566970825195,0.32570791244506797,0.0738427266478539,0.153074786067009,1.9936552047729499
Mexico,2015,16028.8452988373,16.278801,4.4,99.66904,64.3,2140.0,14.0,,22.4,4.3,0.767,Latin America and Caribbean,7.187,1.02054,0.91451,0.8144399999999999,0.48181,0.21311999999999998,0.14074,3.6021400000000003
Mexico,2016,16409.119141074,16.818604999999998,4.4,99.64792,64.83333333333333,2146.0,21.0,,21.2,3.9,0.772,Latin America and Caribbean,6.778,1.1150799999999998,0.7146,0.71143,0.37709000000000004,0.18355,0.11735,3.5590599999999997
Mexico,2017,16310.0380981316,17.418995000000002,4.4,99.64624,,2148.0,25.0,74.0,20.8,3.5,0.774,Latin America and Caribbean,6.57800006866455,1.1531838178634601,1.2108621597290001,0.709978997707367,0.412730008363724,0.132774114608765,0.12099043279886199,2.8371548652648904
Netherlands,2015,32034.839359539303,35.330765,8.3,99.82499,57.36666666666667,1426.0,7.0,,6.8,6.9,0.926,Western Europe,7.377999999999999,1.32944,1.28017,0.89284,0.6157600000000001,0.31814000000000003,0.4761,2.4657
Netherlands,2016,32589.319285717997,35.999168,8.2,99.52885,57.800000000000004,1438.0,7.0,,7.3,6.0,0.928,Western Europe,7.3389999999999995,1.46468,1.02912,0.8123100000000001,0.55211,0.29927,0.47416,2.70749
Netherlands,2017,33675.9048360386,37.16811,8.3,99.52885,,1435.0,6.0,10.0,7.8,4.9,0.931,Western Europe,7.3769998550415,1.50394463539124,1.42893922328949,0.8106961250305179,0.5853844881057739,0.282661825418472,0.47048982977867104,2.29480409622192
Norway,2015,36642.3038192088,42.706734000000004,6.0,3.8210699999999997,57.800000000000004,1423.9,4.0,,5.4,4.3,0.948,Western Europe,7.522,1.459,1.33095,0.88521,0.66973,0.36503,0.34699,2.4653099999999997
Norway,2016,36436.4896582349,43.016758,6.0,3.8210699999999997,58.23333333333333,1424.4,4.0,,7.4,4.7,0.951,Western Europe,7.497999999999999,1.57744,1.1269,0.79579,0.59609,0.35775999999999997,0.37895,2.66465
Norway,2017,37559.3135695721,43.207031,6.0,3.8210699999999997,,1419.1,1.0,1.0,7.9,4.2,0.953,Western Europe,7.537000179290769,1.6164631843566901,1.53352355957031,0.796666502952576,0.635422587394714,0.31596383452415505,0.36201223731041,2.27702665328979
New Zealand,2015,25750.1097938576,34.040531,8.7,0.3416,65.2,1757.0,9.0,,7.9,5.4,0.914,Australia and New Zealand,7.2860000000000005,1.2501799999999998,1.3196700000000001,0.9083700000000001,0.6393800000000001,0.42922,0.47501000000000004,2.26425
Poland,2015,19432.7032893112,27.747266999999997,10.5,99.9809,57.86666666666667,1834.0,60.0,,9.3,7.5,0.855,Central and Eastern Europe,5.791,1.12555,1.27948,0.77903,0.53122,0.04212,0.16759000000000002,1.86565
Poland,2016,20453.2647210892,28.711192999999998,10.5,99.94197,58.333333333333336,1836.0,57.0,,9.3,6.2,0.86,Central and Eastern Europe,5.835,1.24585,1.04685,0.69058,0.4519,0.055,0.14443,2.20035
Poland,2017,21330.5641660397,29.919453000000004,10.6,99.94197,,1815.0,46.0,33.0,8.8,5.0,0.865,Central and Eastern Europe,5.97300004959106,1.29178786277771,1.44571197032928,0.699475347995758,0.520342111587524,0.0593078061938286,0.158465966582298,1.7977228164672898
Portugal,2015,22111.5733796499,22.857506,10.5,26.15617,57.03333333333333,1722.0,88.0,,10.1,12.4,0.842,Western Europe,5.102,1.15991,1.13935,0.8751899999999999,0.51469,0.01078,0.13719,1.26462
Portugal,2016,23046.2259987715,23.847389,10.7,13.965629999999999,57.53333333333333,1725.0,94.0,,13.6,11.1,0.845,Western Europe,5.122999999999999,1.27607,0.9436700000000001,0.7936300000000001,0.44727,0.01521,0.11690999999999999,1.53015
Portugal,2017,23897.706108347404,24.039421,10.6,15.065320000000002,,1727.0,89.0,41.0,13.2,9.0,0.847,Western Europe,5.19500017166138,1.3151752948761002,1.36704301834106,0.795843541622162,0.498465299606323,0.0158694516867399,0.0951027125120163,1.10768270492554
Slovakia,2015,20990.8889181359,21.149881,10.2,100.0,55.79999999999999,1754.0,45.0,,6.0,11.5,0.851,Central and Eastern Europe,5.995,1.1689100000000001,1.26999,0.7890199999999999,0.31751,0.03431,0.16893,2.2463900000000003
Slovakia,2016,21840.177939016998,21.979519,9.9,100.0,56.20000000000001,1740.0,45.0,,6.8,9.7,0.853,Central and Eastern Europe,6.077999999999999,1.27973,1.0826799999999999,0.70367,0.23390999999999998,0.02947,0.13837,2.61065
Slovakia,2017,22508.7591295841,23.095415,9.7,100.0,,1714.0,40.0,38.0,6.7,7.9,0.855,Central and Eastern Europe,6.09800004959106,1.32539355754852,1.5050592422485398,0.712732911109924,0.295817464590073,0.0242108516395092,0.136544480919838,2.09777665138245
Slovenia,2015,21796.631004666102,30.173296,11.5,99.99852,55.6,1687.8,55.0,,5.8,9.0,0.889,Central and Eastern Europe,5.848,1.18498,1.27385,0.8733700000000001,0.60855,0.03787,0.25328,1.6158299999999999
Slovenia,2016,22874.675460695,30.735788,10.5,99.92025,56.03333333333333,1652.9,63.0,,5.5,8.0,0.894,Central and Eastern Europe,5.768,1.2994700000000001,1.05613,0.79151,0.53164,0.03635,0.25738,1.79522
Slovenia,2017,24242.3802355435,34.302807,10.1,99.92365,,1621.7,62.0,25.0,5.5,6.9,0.896,Central and Eastern Europe,5.75799989700317,1.3412059545516999,1.4525188207626298,0.7908282279968258,0.572575807571411,0.0451289787888527,0.242649093270302,1.31331729888916
Sweden,2015,31779.8065494131,39.786552,7.2,3.00122,55.93333333333334,1471.0,8.0,,6.6,7.4,0.929,Western Europe,7.364,1.33171,1.2890700000000002,0.9108700000000001,0.6598,0.43843999999999994,0.36262,2.3711900000000004
Sweden,2016,32331.3529608464,41.139179,7.2,2.96387,56.36666666666667,1482.0,10.0,,6.9,7.0,0.932,Western Europe,7.291,1.45181,1.08764,0.83121,0.58218,0.40867,0.38254,2.54734
Sweden,2017,33316.875404867904,41.936690999999996,7.1,2.96387,,1470.0,9.0,7.0,7.2,6.8,0.933,Western Europe,7.28399991989136,1.49438726902008,1.47816216945648,0.830875158309937,0.612924098968506,0.384398728609085,0.38539925217628496,2.09753799438477
Turkey,2015,19284.3561733065,18.020138,1.4,99.8985475,66.10000000000001,1832.0,76.0,,15.8,10.2,0.783,Middle East and Northern Africa,5.332000000000001,1.06098,0.94632,0.73172,0.22815,0.15746,0.12253,2.08528
United States,2015,47484.0505285958,44.629397999999995,8.9,8.131219999999999,67.43333333333334,1785.0,15.0,,12.9,5.3,0.92,North America,7.119,1.3945100000000001,1.24711,0.86179,0.54604,0.1589,0.40105,2.51011
United States,2016,48499.137165243395,45.666354999999996,8.9,3.12032,67.93333333333334,1781.0,13.0,,12.7,4.9,0.922,North America,7.104,1.50796,1.04782,0.779,0.48163,0.14868,0.41076999999999997,2.72782
United States,2017,50203.2584030456,46.3568,8.9,3.14777,,1780.0,14.0,13.0,13.1,4.4,0.924,North America,6.993000030517581,1.54625928401947,1.4199205636978103,0.7742866277694699,0.505740523338318,0.135638788342476,0.392578780651093,2.2181134223937997
South Africa,2015,9090.91329316809,6.988938799999999,7.1,99.96025,52.56666666666666,1713.3206096986817,113.0,,32.0,25.2,0.692,Sub-Saharan Africa,4.6419999999999995,0.9204899999999999,1.18468,0.27688,0.33207,0.08884,0.11972999999999999,1.7195599999999998
South Africa,2016,9165.45783817146,6.9798017,7.1,99.96025,53.23333333333333,1713.3206096986817,116.0,,30.3,26.6,0.696,Sub-Saharan Africa,4.459,1.02416,0.9605299999999999,0.18611,0.42483000000000004,0.08415,0.13656,1.6422700000000001
South Africa,2017,9485.611152294508,7.4416285,7.1,99.96025,,1713.3206096986817,101.0,113.0,30.3,27.7,0.699,Sub-Saharan Africa,4.8289999961853,1.05469870567322,1.38478863239288,0.18708007037639604,0.479246735572815,0.0725094974040985,0.13936237990856198,1.51090860366821
Argentina,2017,16421.058966712415,21.406715,5.361538461538462,96.00372,,2097.9777777777776,24.0,47.0,13.9,8.7,0.825,Latin America and Caribbean,6.59899997711182,1.18529546260834,1.44045114517212,0.695137083530426,0.49451920390129106,0.05973988771438599,0.109457060694695,2.61400532722473
Brazil,2015,16421.058966712415,14.794607999999998,7.0,75.53867,55.86666666666667,2097.9777777777776,16.0,,25.0,8.4,0.757,Latin America and Caribbean,6.983,0.98124,1.2328700000000001,0.69702,0.49049,0.17521,0.14574,3.26001
Brazil,2016,16421.058966712415,16.920097,6.3,68.10785,56.5,2097.9777777777776,17.0,,23.6,11.6,0.758,Latin America and Caribbean,6.952000000000001,1.08754,1.03938,0.61415,0.40425,0.14165999999999998,0.15775999999999998,3.5073300000000005
Brazil,2017,16421.058966712415,17.210516000000002,6.65,68.25601999999999,,2097.9777777777776,22.0,79.0,23.2,12.9,0.759,Latin America and Caribbean,6.6350002288818395,1.1073532104492199,1.43130600452423,0.6165523529052729,0.437453746795654,0.11109276115894301,0.16234989464282998,2.7692670822143595
Switzerland,2017,39062.338970375204,42.594601000000004,9.2,54.002280000000006,,1570.0,4.0,2.0,7.5,4.8,0.944,Western Europe,7.49399995803833,1.5649795532226598,1.51691174507141,0.858131289482117,0.620070576667786,0.36700728535652205,0.29054927825927696,2.2767162322998
Colombia,2015,16421.058966712415,21.562889000000002,4.4,96.30925,58.4,2097.9777777777776,33.0,,23.7,8.2,0.742,Latin America and Caribbean,6.477,0.91861,1.2401799999999998,0.69077,0.53466,0.0512,0.18400999999999998,2.85737
Colombia,2016,16421.058966712415,22.247128,4.5,93.73804,58.93333333333334,2097.9777777777776,31.0,,22.6,8.4,0.747,Latin America and Caribbean,6.481,1.0303200000000001,1.02169,0.59659,0.44735,0.053989999999999996,0.15625999999999998,3.1747099999999997
Colombia,2017,16421.058966712415,22.491623,4.45,93.20684,,2097.9777777777776,36.0,90.0,22.9,9.0,0.747,Latin America and Caribbean,6.35699987411499,1.07062232494354,1.4021829366683998,0.595027923583984,0.47748741507530196,0.0466687418520451,0.14901447296142598,2.6160681247711204
Costa Rica,2015,16421.05896671242,23.136086,3.6,99.66069,60.79999999999999,2148.2,12.0,,18.2,9.3,0.788,Latin America and Caribbean,7.226,0.95578,1.2378799999999999,0.8602700000000001,0.63376,0.10583,0.25497,3.17728
Costa Rica,2016,16421.05896671242,22.998714,3.7,99.59809,61.599999999999994,2204.7,14.0,,17.8,9.0,0.791,Latin America and Caribbean,7.087000000000001,1.06879,1.02152,0.76146,0.55225,0.10547000000000001,0.22553,3.3516800000000004
Costa Rica,2017,16421.05896671242,22.989092000000003,3.3,99.59446,,2178.9,12.0,63.0,17.3,8.5,0.794,Latin America and Caribbean,7.0789999961853,1.10970628261566,1.4164036512374898,0.7595092654228209,0.580131649971008,0.100106589496136,0.21461322903633104,2.89863920211792
Indonesia,2015,26790.265884543096,10.567527,0.3,95.16592,27.333333333333332,1713.3206096986817,74.0,,18.2,4.5,0.686,Southeastern Asia,5.399,0.8282700000000001,1.0870799999999998,0.63793,0.46611,0.0,0.51535,1.86399
Indonesia,2016,26790.265884543096,11.337651,0.3,94.76018,28.133333333333336,1713.3206096986817,79.0,,17.6,4.1,0.691,Southeastern Asia,5.314,0.95104,0.87625,0.49373999999999996,0.39237,0.00322,0.56521,2.03171
Indonesia,2017,26790.265884543096,11.857569,0.3,94.76083,,1713.3206096986817,81.0,116.0,18.7,4.3,0.694,Southeastern Asia,5.26200008392334,0.995538592338562,1.2744446992874099,0.49234572052955605,0.443323463201523,0.0153171354904771,0.611704587936401,1.42947697639465
Iceland,2015,31883.018833735096,38.841152,7.7,6.3778,58.699999999999996,1504.0,2.0,,5.7,4.0,0.927,Western Europe,7.561,1.3023200000000001,1.4022299999999999,0.94784,0.6287699999999999,0.14145,0.4363,2.70201
Iceland,2016,31883.018833735096,40.475002,7.5,5.94597,59.03333333333333,1494.0,3.0,,5.9,3.0,0.933,Western Europe,7.501,1.42666,1.18326,0.8673299999999999,0.56624,0.14975,0.47678000000000004,2.83137
Iceland,2017,31883.018833735096,42.38409,7.7,5.74444,,1483.0,3.0,6.0,5.9,2.9,0.935,Western Europe,7.50400018692017,1.480633020401,1.6105740070343,0.8335521221160892,0.6271626353263849,0.15352655947208402,0.47554022073745705,2.32271528244019
Israel,2015,19284.3561733065,48.824478000000006,2.6,99.99303,64.0,1895.41,11.0,,12.9,5.3,0.901,Middle East and Northern Africa,7.278,1.2285700000000002,1.22393,0.9138700000000001,0.41318999999999995,0.07785,0.33171999999999996,3.08854
Israel,2016,19284.3561733065,49.895348,2.6,99.99303,64.33333333333333,1922.08,11.0,,12.7,4.8,0.902,Middle East and Northern Africa,7.267,1.33766,0.9953700000000001,0.8491700000000001,0.36432,0.08728,0.32288,3.31029
Israel,2017,19284.3561733065,50.91605,2.6,99.99303,,1917.98,11.0,22.0,12.2,4.3,0.903,Middle East and Northern Africa,7.212999820709231,1.3753824234008798,1.37628996372223,0.83840399980545,0.40598860383033797,0.0852421000599861,0.330082654953003,2.80175733566284
New Zealand,2016,25750.1097938576,36.275139,8.9,0.0,65.66666666666666,1752.0,8.0,,12.2,5.1,0.915,Australia and New Zealand,7.334,1.36066,1.17278,0.83096,0.5814699999999999,0.41903999999999997,0.49401000000000006,2.47553
New Zealand,2017,25750.1097938576,37.730431,8.8,0.0,,1753.0,8.0,16.0,7.5,4.9,0.917,Australia and New Zealand,7.31400012969971,1.40570604801178,1.54819512367249,0.816759705543518,0.6140621304512021,0.38281670212745705,0.500005125999451,2.0464563369751
Saudi Arabia,2016,19284.3561733065,23.623922,1.9833333333333334,99.6151,69.93333333333334,1891.8674999999998,34.0,,14.016666666666667,5.9,0.854,Middle East and Northern Africa,6.379,1.48953,0.84829,0.59267,0.37904,0.30008,0.15457,2.61482
Turkey,2016,19284.3561733065,19.362528,1.3,99.8985475,66.7,1832.0,78.0,,15.2,10.8,0.787,Middle East and Northern Africa,5.388999999999999,1.1649200000000002,0.8771700000000001,0.64718,0.23889000000000002,0.12347999999999999,0.04707,2.29074
Turkey,2017,19284.3561733065,20.013071,1.4,99.8985475,,1832.0,69.0,64.0,15.3,11.3,0.791,Middle East and Northern Africa,5.5,1.1982743740081798,1.33775317668915,0.6376056075096129,0.300740599632263,0.0996715798974037,0.0466930419206619,1.87927794456482
China,2015,30795.414793322634,50.493019333333336,5.7,99.86729,31.53333333333333,1714.0,84.0,,15.3,4.6,0.743,Eastern Asia,5.14,0.89012,0.94675,0.81658,0.5169699999999999,0.02781,0.08185,1.8604
China,2016,30795.414793322634,50.493019333333336,5.7,99.86554,32.3,1714.0,83.0,,15.3,4.7,0.748,Eastern Asia,5.245,1.0278,0.79381,0.73561,0.44011999999999996,0.02745,0.049589999999999995,2.17087
India,2015,26790.265884543096,33.02739250537634,3.0,99.94157,19.1,1713.3206096986817,117.0,,26.5,3.5,0.627,Southern Asia,4.565,0.64499,0.38174,0.5152899999999999,0.39786,0.08492000000000001,0.26475,2.27513
India,2016,26790.265884543096,33.02739250537634,3.0,99.94157,19.700000000000003,1713.3206096986817,118.0,,27.2,3.5,0.636,Southern Asia,4.404,0.74036,0.29247,0.45091000000000003,0.40285,0.08722,0.25028,2.18032
